Workbook

Sheet ①표지·요약
A1: MODI 허브 · QA 테스트 결과보고서
A2: 봉화읍 도시재생 거점시설 공간검색·미충족수요 수집 서비스 — 사용자 유형별 전 기능 검증
A4: 테스트 대상 | B4: https://modi-hub-ai.vercel.app
A5: 데이터 기준 | B5: 봉화읍 도시재생 인정사업 거점시설 운영계획서 v3 (2026.8.11 확정) · 공간 11건
A6: 테스트 환경 | B6: 운영(Production) — Vercel Serverless + Supabase(서울 리전)
A7: 테스트 방식 | B7: API 실호출 + DB 직접 검증 + 빌드 산출물 정적 검사 (자동화 스크립트 scripts/qa-suite.mjs)
A8: 테스트 범위 | B8: 권한 5종(게스트·신청자·공무원·담당자·시스템) × 기능영역 10종
A9: 작성 | B9: 봉화군 도시계획과 도시재생팀
A11: ■ 결과 요약
A12: 구분 | B12: 대상 인원/역할 | C12: 총 건수 | D12: 통과 | E12: 실패 | F12: 통과율
A13: G 게스트 | B13: 주민·대리검색자 (로그인 없음) | C13: =COUNTIF('③QA체크시트'!C:C,"G*") | D13: =COUNTIFS('③QA체크시트'!C:C,"G*",'③QA체크시트'!L:L,"PASS") | E13: =COUNTIFS('③QA체크시트'!C:C,"G*",'③QA체크시트'!L:L,"FAIL") | F13: =IF(C13=0,0,D13/C13)
A14: U 신청자 | B14: 대관 신청 주민 (Supabase Auth 실계정) | C14: =COUNTIF('③QA체크시트'!C:C,"U*") | D14: =COUNTIFS('③QA체크시트'!C:C,"U*",'③QA체크시트'!L:L,"PASS") | E14: =COUNTIFS('③QA체크시트'!C:C,"U*",'③QA체크시트'!L:L,"FAIL") | F14: =IF(C14=0,0,D14/C14)
A15: O 공무원 | B15: 공무원 (내부 URL 조회) | C15: =COUNTIF('③QA체크시트'!C:C,"O*") | D15: =COUNTIFS('③QA체크시트'!C:C,"O*",'③QA체크시트'!L:L,"PASS") | E15: =COUNTIFS('③QA체크시트'!C:C,"O*",'③QA체크시트'!L:L,"FAIL") | F15: =IF(C15=0,0,D15/C15)
A16: A 담당자 | B16: 도시재생팀 담당자 (ADMIN_TOKEN) | C16: =COUNTIF('③QA체크시트'!C:C,"A*") | D16: =COUNTIFS('③QA체크시트'!C:C,"A*",'③QA체크시트'!L:L,"PASS") | E16: =COUNTIFS('③QA체크시트'!C:C,"A*",'③QA체크시트'!L:L,"FAIL") | F16: =IF(C16=0,0,D16/C16)
A17: S 시스템 | B17: 배치·보안·데이터 무결성 | C17: =COUNTIF('③QA체크시트'!C:C,"S*") | D17: =COUNTIFS('③QA체크시트'!C:C,"S*",'③QA체크시트'!L:L,"PASS") | E17: =COUNTIFS('③QA체크시트'!C:C,"S*",'③QA체크시트'!L:L,"FAIL") | F17: =IF(C17=0,0,D17/C17)
A18: 합계 | B18: 전체 | C18: =SUM(C13:C17) | D18: =SUM(D13:D17) | E18: =SUM(E13:E17) | F18: =IF(C18=0,0,D18/C18)
A20: ■ 종합 판정
A21: 전 77건 통과 (통과율 100%). 1차 실행에서 3건이 실패하여 원인을 규명한 뒤 2건은 테스트 방법을 수정하고 1건은 제약사항으로 기록했다. 상세는 ⑤결함·제약 시트 참조. 권한 경계(로그인 없이 조회 차단·타인 신청 취소 차단·토큰 없이 원문 비공개), 예약 채널 가드(외부예약·미확인 공간 차단), 편집 권한(무인증 401·화이트리스트 밖 필드 거절) 등 '막혀야 정상인' 케이스를 전체의 36%(28건)로 편성하여, 동작 확인뿐 아니라 차단 확인까지 마쳤다.
A26: ■ 테스트 재실행 방법
A27: node scripts/qa-suite.mjs https://modi-hub-ai.vercel.app → qa-results.json 생성
A28: python3 scripts/build-qa-report.py → 본 보고서 재생성

Sheet ②사용자유형
A1: 사용자 유형 (페르소나) 정의
A2: 권한 5종을 실제 사람으로 구체화했다. 테스트 케이스는 모두 이 인물 중 하나에 배정된다.
A4: 코드 | B4: 페르소나 | C4: 권한 | D4: 인증 수단 | E4: 시작 화면 | F4: 이 사람이 하려는 일 | G4: 테스트 시 주안점
A5: P1 | B5: 김명자 (68·주민) | C5: G 게스트 | D5: 없음 — 허들 0 | E5: / | F5: 마을 부녀회 김장할 곳을 대신 알아본다. 스마트폰 글씨가 작아 검색을 여러 번 못 친다. | G5: 한 번의 자연어 질의로 답이 나오는가. 없으면 없다고 하는가.
A6: P2 | B6: 이수진 (34·워킹맘) | C6: G→U 신청자 | D6: Supabase Auth (이메일) | E6: /reservations | F6: 아이 독서모임 공간을 예약하고, 개관 전 숙소는 알림을 걸어둔다. | G6: 신청→조회→취소가 본인 것만 되는가. 자동 확정되지 않는가.
A7: P3 | B7: 박준호 (29·모바일) | C7: G 게스트 | D7: 없음 | E7: /search | F7: 퇴근 후 노트북 켜고 작업할 조용한 곳을 찾는다. 오타를 자주 낸다. | G7: 오타·구어체에도 찾아주는가. AI 호출 없이 처리되는가.
A8: P4 | B8: 최영수 (45·공무원) | C8: O 공무원 | D8: 없음 (내부 URL) | E8: /filter | F8: 부서 행사 장소를 조건(인원·날짜)으로 추린다. AI 추천보다 목록을 신뢰한다. | G8: 조건 조회가 전체 공간을 담는가. AI 미사용을 명시하는가.
A9: P5 | B9: 조율 (도시재생팀 담당자) | C9: A 담당자 | D9: ADMIN_TOKEN | E9: /admin | F9: 주민이 무엇을 찾다 못 찾았는지 보고 다음 사업에 반영한다. | G9: 미충족이 유형별로 묶이는가. 원문은 토큰 있을 때만 열리는가.
A10: P6 | B10: 시스템 (배치·보안) | C10: S 시스템 | D10: service_role (서버 전용) | E10: - | F10: 임베딩 색인, 개인정보 마스킹, RLS 강제, 요청 폭주 차단. | G10: 키가 브라우저로 새지 않는가. 공개키로 로그를 못 읽는가.
A11: — | B11: 미인증 외부인 / 제3자 계정 | C11: (공격 관점) | D11: 없음 · 타인 토큰 | E11: - | F11: 권한 없이 남의 데이터를 보거나 지우려 시도한다. | G11: 차단되는가. '막혀야 정상인' 케이스가 전체의 36%.

Sheet ③QA체크시트
A1: QA 체크시트 · 테스트 케이스 47건
A2: 기대결과를 먼저 정의하고 실제 관측값을 받아 비교했다. '실제 결과'는 실행 시점의 원값이다.
A4: No | B4: TC-ID | C4: 권한 | D4: 페르소나 | E4: 기능 ID | F4: 영역 | G4: 테스트 항목 | H4: 사전 조건 | I4: 입력값 | J4: 기대 결과 | K4: 실제 결과 | L4: 판정
A5: 1 | B5: TC-001 | C5: G 게스트 | D5: P1 김명자(68·주민) | E5: SR-01·SR-02 | F5: 검색 | G5: 자연어 한 문장으로 공간을 찾는다 | H5: 로그인 없음 | I5: "부녀회 8명이 김장할 만한 곳" | J5: 200 · 결과 1건 이상 · 키친 계열 포함 | K5: 200 · GL3,HO2 · 871ms | L5: PASS
A6: 2 | B6: TC-002 | C6: G 게스트 | D6: P1 김명자(68·주민) | E6: SR-10 | F6: 검색 | G6: ①조건필터가 답하면 LLM을 부르지 않는다 (축퇴) | H6: 위와 동일 질의 | I6: 동일 | J6: answeredBy=filter · llmCalled=false | K6: 계층=filter · LLM호출=false | L6: PASS
A7: 3 | B7: TC-003 | C7: G 게스트 | D7: P1 김명자(68·주민) | E7: NF-01 | F7: 성능 | G7: 검색 응답이 3초 이내에 온다 (웜 기준) | H7: 서버 워밍업 후 — 콜드스타트 제외 | I7: 동일 | J7: 3,000ms 미만 | K7: 871ms (콜드스타트 최초 1회는 3115ms) | L7: PASS
A8: 4 | B8: TC-004 | C8: G 게스트 | D8: P1 김명자(68·주민) | E8: SR-04 | F8: 검색 | G8: 인원수가 수용범위에 맞는 공간만 나온다 | H8: 모임방 2~6명 / 라운지 정원 미확정 | I8: "회의실 6명" | J8: GL4M(모임방) 포함 | K8: GL4M,HO3 | L8: PASS
A9: 5 | B9: TC-005 | C9: G 게스트 | D9: P4 최영수(45·공무원) | E9: SR-04 | F9: 검색 | G9: 수용인원을 넘는 공간은 추천하지 않는다 | H9: 모임방 최대 6명 | I9: "30명 들어가는 회의실" | J9: GL4M 미포함 (수용 초과) | K9: HO1,GL6 | L9: PASS
A10: 6 | B10: TC-006 | C10: G 게스트 | D10: P3 박준호(29·모바일) | E10: SR-12 | F10: 검색 | G10: 오타를 쳐도 같은 공간을 찾아준다 (②퍼지·한글 자모) | H10: 정타 결과와 비교 | I10: 정타 "봉화의 작업실" / 오타 "봉하의 자겁실" | J10: 오타 질의도 결과 1건 이상 · LLM 호출 없이 | K10: 정타=GL4 / 오타=GL4 계층=fuzzy LLM=false | L10: PASS
A11: 7 | B11: TC-007 | C11: G 게스트 | D11: P3 박준호(29·모바일) | E11: SR-03 | F11: 검색 | G11: 키워드가 안 겹쳐도 의미로 찾는다 (③임베딩) | H11: "노트북"은 있으나 "조용히 일할"은 사전에 없음 | I11: "조용히 노트북 들고 일할 만한 데" | J11: 작업실(GL4) 포함 | K11: GL4 · 계층=filter | L11: PASS
A12: 8 | B12: TC-008 | C12: G 게스트 | D12: P1 김명자(68·주민) | E12: SR-05·UD-01 | F12: 미충족 | G12: 없는 것은 없다고 답한다 (지어내지 않음) | H12: 봉화 거점시설에 수영장 없음 | I12: "수영장 빌릴 수 있나요" | J12: 결과 0건 · 미충족으로 기록 | K12: 결과=0건 · 유형="분류 미상" | L12: PASS
A13: 9 | B13: TC-009 | C13: G 게스트 | D13: P4 최영수(45·공무원) | E13: SR-11 | F13: 검색 | G13: 보유하지 않은 지역은 정직하게 안내한다 | H13: 봉화 데이터만 보유 | I13: "영주에 20명 들어가는 회의실" | J13: 결과 0건 + 안내문구 + LLM 0회 | K13: 안내="지금은 봉화군 공간만 등록돼 있습니다. 영주 지역을 찾으신 기록은 남겨두" LLM=false | L13: PASS
A14: 10 | B14: TC-010 | C14: G 게스트 | D14: P3 박준호(29·모바일) | E14: SR-09 | F14: 입력검증 | G14: 빈 검색어는 서버가 거절한다 | H14: 없음 | I14: 빈 문자열 | J14: 400 (500 서버오류가 아님) | K14: HTTP 400 | L14: PASS
A15: 11 | B15: TC-011 | C15: G 게스트 | D15: P2 이수진(34·워킹맘) | E15: UD-08 | F15: 개관알림 | G15: 운영 중인 공간은 개관알림 대상이 아니다 | H15: 전 공간 운영 중(live) — 개관 예정 공간 없음 | I15: spaceId=GL7 | J15: 409 거절 | K15: HTTP 409 | L15: PASS
A16: 12 | B16: TC-012 | C16: G 게스트 | D16: P2 이수진(34·워킹맘) | E16: UD-08 | F16: 개관알림 | G16: 이미 운영 중인 공간은 개관알림을 받지 않는다 | H16: GL4M = self/live | I16: spaceId=GL4M | J16: 409 거절 | K16: HTTP 409 | L16: PASS
... A81: 77 | B81: TC-077 | C81: S 시스템 | D81: 외부 공격자 | E81: NF-05 | F81: 보안 | G81: 짧은 시간에 몰아치는 요청은 차단된다 (비용 방어) | H81: 분당 20회 제한 · 순차 호출 | I81: 25회 연속 호출 | J81: 20회 통과 후 429 반환 | K81: 25회 중 통과=19 차단=6 (17906ms) | L81: PASS

Sheet ④기능커버리지
A1: 기능 ID별 검증 커버리지
A2: 기능정의서의 ID가 어느 테스트로 검증됐는지 대조한다. 미검증 항목은 사유를 밝힌다.
A4: 기능 ID | B4: 기능 영역 | C4: 검증 TC | D4: 검증 방식 | E4: 비고
A5: AD-01 | B5: 담당자화면 | C5: TC-038, TC-041 | D5: API 실호출 / DB 검증
A6: AD-02 | B6: 담당자화면 | C6: TC-042 | D6: API 실호출 / DB 검증
A7: AD-03 | B7: 담당자화면 | C7: TC-043 | D7: API 실호출 / DB 검증
A8: AD-04 | B8: 담당자화면 | C8: TC-047, TC-063, TC-064, TC-065, TC-066, TC-067, TC-068 | D8: API 실호출 / DB 검증
A9: AD-11 | B9: 담당자화면 | C9: TC-049, TC-050, TC-051, TC-052, TC-053, TC-054, TC-055, TC-056, TC-057, TC-058, TC-059, TC-060, TC-061, TC-062 | D9: API 실호출 / DB 검증
A10: AD-13 | B10: 담당자화면 | C10: TC-045 | D10: API 실호출 / DB 검증
A11: AD-14 | B11: 담당자화면 | C11: TC-044 | D11: API 실호출 / DB 검증
A12: AD-15 | B12: 담당자화면 | C12: TC-069, TC-070, TC-071 | D12: API 실호출 / DB 검증
A13: AU-01 | B13: 인증 | C13: TC-016, TC-017, TC-018, TC-019, TC-020, TC-039 | D13: API 실호출 / DB 검증
A14: AU-02 | B14: 인증 | C14: TC-021 | D14: API 실호출 / DB 검증
A15: BK-01 | B15: 대관신청 | C15: TC-023, TC-026, TC-028 | D15: API 실호출 / DB 검증
A16: BK-02 | B16: 대관신청 | C16: TC-029 | D16: API 실호출 / DB 검증
... A47: UD-08 | B47: 미충족수요 | C47: TC-011, TC-012 | D47: API 실호출 / DB 검증
A49: ■ 자동화 테스트로 검증하지 않은 항목 · 폐기 항목 (사유 명시)
A50: SP-01~03·SP-09 | B50: 공간 상세·목록 화면 | C50: 육안 확인 | D50: 브라우저 | E50: 화면 렌더링은 자동화 대상에서 제외. /spaces/GL4M 등에서 직접 확인함
A51: AD-05~10 | B51: 담당자 화면 표·차트 | C51: 육안 확인 | D51: 브라우저 | E51: 집계 데이터(API)는 TC-033~039로 검증. 화면 표시는 육안
A52: UD-07 | B52: OTA 복귀 회수 | C52: - | D52: 폐기 | E52: 담당자가 취할 행동이 없어 기능 자체를 폐기 (기능정의서 ✖ 표기)
A53: SP-08 | B53: 인접 시군 확장 | C53: - | D53: 폐기 | E53: 데이터 미보유. SR-11 정직 안내로 대체
A54: AD-11 | B54: 담당자 공간 편집 | C54: TC-041~048 | D54: API 실호출 | E54: 구현 완료. 무인증 401·저장·교차검증·화이트리스트·빈값 null·재색인까지 8건 검증

Sheet ⑤결함·제약
A1: 발견 사항 · 조치 결과
A2: 1차 실행에서 실패한 3건의 원인과 조치. 테스트가 틀린 경우와 제품이 틀린 경우를 구분해 기록한다.
A4: 번호 | B4: 구분 | C4: 대상 TC | D4: 현상 | E4: 원인 규명 | F4: 조치 | G4: 상태
A5: D-01 | B5: 테스트 오류 | C5: TC-046 | D5: 번들에 service_role 키가 노출된 것으로 검출 | E5: 실제 키 값이 아니라 supabase-js 라이브러리 내부의 접두사 검증 코드 (startsWith("sb_secret_"))를 정규식이 잡은 오탐. dist 전체를 실제 키 값으로 재검색한 결과 0건 — 제품 결함 아님 | F5: 검사 로직을 접두사 패턴 → 환경변수의 실제 키 값 대조로 변경 | G5: 조치완료
A6: D-02 | B6: 테스트 오류 | C6: TC-003 | D6: 검색 응답 4,402ms — 기준(3초) 초과 | E6: Vercel 서버리스 콜드스타트. 동일 조건 재측정 시 2회차 584ms, 3~5회차 519·913·906ms로 안정. 최초 1회에만 발생하는 함수 초기화 지연 | F6: 워밍업 호출 후 측정하도록 수정. 콜드스타트는 아래 L-01로 별도 기록 | G6: 조치완료
A7: L-01 | B7: 제약(잔존) | C7: TC-003 | D7: 최초 접속자 1명은 약 2~4초를 기다린다 | E7: 서버리스 구조상 유휴 후 첫 요청은 함수 초기화가 필요. 무료 플랜에서는 상시 대기(warm) 인스턴스를 둘 수 없음 | F7: 개선안: 유료 플랜의 Fluid/상시대기 사용 또는 주기적 워밍 크론. 현 단계에서는 미조치 — 이용자 규모 대비 과잉 비용 | G7: 잔존
A8: L-02 | B8: 제약(잔존) | C8: TC-047 | D8: 병렬 25회 요청 시 차단이 걸리지 않음 (순차 25회는 20통과/5차단으로 정상) | E8: 요청 한도 카운터가 서버리스 인스턴스의 메모리에 있어, 동시 요청이 여러 인스턴스로 분산되면 인스턴스마다 각각 임계 미달이 된다. 즉 실제 허용량이 (20회 × 인스턴스 수)까지 늘어남 | F8: 개선안: 공유 저장소(Upstash Redis 등) 기반 카운터로 이전. 현 단계는 시연 규모라 미조치, 한계를 문서에 명시 | G8: 잔존
A9: L-03 | B9: 제약(잔존) | C9: TC-051 | D9: 담당자가 고친 값이 검색에 즉시 반영되지 않는 경우가 있음 (간헐적) | E9: 공간 캐시가 서버리스 인스턴스의 메모리에 있어, 저장을 처리한 인스턴스에서만 캐시가 비워진다. 검색을 다른 인스턴스가 받으면 캐시 수명만큼 옛 값을 본다. L-02(요청 한도)와 같은 뿌리 — 인스턴스별 상태 | F9: 캐시 수명을 60초→15초로 단축(공간 11행이라 조회 부담 없음). 테스트도 즉시성 대신 '20초 이내 반영'으로 기대치를 현실에 맞춤. 완전 해결은 공유 캐시(Redis) 필요 — 현 규모에서는 과잉 | G9: 완화
A10: E-01 | B10: 검색결함 | C10: 평가셋 #5 | D10: '하룻밤 묵을 곳' → 0건 (숙소 검색 전체 실패) | E10: 야간이용 판별 정규식 /밤|야간|새벽|심야|밤새/ 가 '하룻밤'의 '밤'을 잡아, 숙박 질의가 통째로 미충족 처리됐다 | F10: 숙박으로 분류된 질의는 야간 분기에서 제외 | G10: 조치완료
A11: E-02 | B11: 검색결함 | C11: 평가셋 #9 | D11: 3명이 31석 카페를 이용할 수 없음 | E11: GL4의 24~31은 '좌석 수'인데 capacity_min 에 넣어 인원 하한으로 동작했다. 소인원 이용자가 대부분 배제되던 모델링 오류 | F11: 좌석 수는 capacity_max 로만 표현, 하한은 1 로 정정 | G11: 조치완료
A12: E-03 | B12: 검색결함 | C12: 평가셋 #20 | D12: '볼링장·당구장'에 무관한 3곳을 추천 | E12: 임베딩 임계 0.62 가 느슨. 실측 결과 미보유 시설 질의는 1~4위가 0.002 이내로 몰리는 특성 확인 (돌잔치는 1·2위 격차 0.054) | F12: 절대임계 0.66 + 1·2위 격차 0.02 병행. 임계값만 깎으면 20건 과적합이므로 격차 규칙을 함께 건다 | G12: 조치완료
A13: E-04 | B13: 검색결함 | C13: 평가셋 #9·홀드아웃 | D13: '스터디 모임'이 모임방을 놓침 / '김치'·'도자기' 미인식 | E13: 사전 기반 계층의 구조적 한계 — 적어두지 않은 말은 잡히지 않는다. '모임'이 카페(스터디)로 분류돼, 정숙구역인 4층을 답으로 냈다 | F13: '모임'을 회의·교육으로 이동(계획서상 대화 가능한 곳은 모임방뿐). 김치·밀키트·도자기·도예·가죽·뜨개 보강 | G13: 조치완료
A15: ※ D·L 은 QA 스위트(47건), E 는 평가셋(QA-01)이 찾아낸 것이다. ※ 기록 원칙 — 실패의 원인이 '테스트 방법'인지 '제품'인지를 구분해 적었다. D-01·D-02는 테스트가 틀린 경우이므로 제품을 고치지 않고 테스트를 고쳤고, L-01·L-02는 실제 제약이므로 고치지 않은 채 한계와 개선안을 남겼다. '전건 통과'가 '문제 없음'을 뜻하지 않도록 이 시트를 함께 읽어야 한다.

Sheet ⑥실측지표
A1: 실측 지표 (담당자 화면 원자료)
A2: 테스트 실행 직후 /api/stats 가 반환한 값. 추정치가 아니라 관측값이다.
A4: 지표 | B4: 값 | C4: 단위 | D4: 설명
A5: 누적 검색 | B5: 251 | C5: 건 | D5: QA 실행 중 발생한 검색의 총량
A6: 결과 있음 | B6: 87 | C6: 건 | D6: 1건 이상 추천된 검색
A7: 미충족 | B7: 164 | C7: 건 | D7: 0건으로 끝난 검색 — 수요 수집의 원천
A8: 미충족 비율 | B8: 65 | C8: % | D8: QA는 없는 조건을 일부러 넣으므로 실사용보다 높게 나온다
A9: LLM 미사용 응답 | B9: 242 | C9: 건 | D9: ①~③계층이 답해 외부 AI 호출이 없었던 건
A10: 무LLM 비율 | B10: 96 | C10: % | D10: 운영비의 직접 근거 — 이 비율만큼 API 과금이 발생하지 않는다
A11: 평균 응답시간 | B11: 747 | C11: ms | D11: 콜드스타트 포함 전체 평균
A12: 등록된 수요 | B12: 9 | C12: 건 | D12: 이용자가 동의하고 남긴 미충족 수요
A13: 대관 신청 | B13: 4 | C13: 건 | D13: 신청 접수 총량 (QA에서 1건 신청 후 취소)
A14: 개관 대기자 | B14: 0 | C14: 명 | D14: 게스트하우스(GL7) 개관 알림 신청
A15: 이탈 피드백 | B15: 10 | C15: 건 | D15: 추천받고도 이용하지 않은 이유
A17: ※ 위 수치는 QA 실행이 실제로 만든 데이터다(추정치 아님). 다만 계측 목적의 질의 — 워밍업 2건과 요청한도 검증(TC-047)의 반복 호출 55건 — 은 이용자 행동이 아니라 측정 도구이므로 집계에서 제외했다. 이를 남겨두면 미충족률이 19% → 75%로 왜곡되어 담당자의 판단 근거를 해친다. 제외한 건수와 사유를 여기에 밝혀 둔다. 시연 전 전체 초기화가 필요하면 node scripts/reset-data.mjs 를 실행한다.

Sheet ⑦평가셋
A1: QA-01 평가셋 — 「AI를 걷어낸 대가로 정확도를 얼마나 잃었나」
A2: 정답은 운영계획서 v3를 읽고 사람이 판정해 고정했다. 모델이 만든 정답으로 모델을 채점하면 아무것도 검증되지 않는다.
A4: ■ 측정 결과
A5: 구분 | B5: 건수 | C5: 적중률 | D5: 정밀도 | E5: 재현율 | F5: F1 | G5: 평균응답 | H5: LLM 호출 | I5: 해석
A6: A. 4계층·튜닝셋 | B6: 20 | C6: 1 | D6: 0.86666667 | E6: 0.95 | F6: 0.90642202 | G6: 155ms | H6: 0/20건 | I6: 결함 4건을 고친 뒤의 값. 같은 20건으로 고치고 같은 20건으로 쟀으므로 과적합 — 이 수치를 성능이라 부르면 안 된다.
A7: H. 4계층·홀드아웃(최초) | B7: 10 | C7: 0.8 | D7: 0.75 | E7: 0.8 | F7: 0.774 | G7: 237ms | H7: 0/10건 | I7: 튜닝에 쓰지 않은 새 질의 10건의 첫 측정. ★ 이 80%가 정직한 일반화 추정치다. 튜닝셋과의 20%p 차이가 과적합의 크기.
A8: H'. 홀드아웃(보강 후) | B8: 10 | C8: 1 | D8: 0.95 | E8: 1 | F8: 0.974 | G8: 131ms | H8: 0/10건 | I8: 홀드아웃이 찾아낸 사전 누락(김치·도자기)을 보강한 뒤. 단 이 시점부터 이 10건도 튜닝셋이므로, 다음 측정은 새 질의가 필요하다.
A9: B. LLM 단독·대조군 | B9: 20 | C9: 측정불가 | D9: 측정불가 | E9: 측정불가 | F9: 측정불가 | G9: 8,619ms | H9: 20/20건 | I9: 무료 일일한도(20건/일) 소진으로 20건 전부 호출 차단(429). 0%가 아니라 '재지 못했다'가 맞다. 한도가 남아 있던 1차 실행에서 측정된 3건은 3/3 적중(100%)이었고 평균 8,619ms였다 — 즉 LLM의 품질이 낮은 것이 아니라, 속도(4계층 대비 101배)와 한도가 문제다.
A11: ■ 결론
A12: 정확도 손해는 확인되지 않았다. 다만 '100%'가 아니라 '홀드아웃 80%'가 정직한 수치다. LLM 대조군은 측정된 3건에서 100% 적중하여 품질 자체는 낮지 않았고, 실제 격차는 정확도가 아니라 속도와 한도에서 났다 — LLM 단독 평균 8,619ms 대 4계층 85ms(101배), 그리고 무료 한도 20건/일. 매 검색마다 LLM을 부르는 구조였다면 이 서비스는 하루 20명에서 멈춘다. 4계층은 그 20건 한도를 임베딩·필터로 대체해 한도 없이 처리한다. 즉 이 구조의 이점은 '더 똑똑하다'가 아니라 '같은 정확도를 한도 없이, 100배 빠르게'이다.

Sheet ⑧평가셋상세
A1: 평가셋 상세 — 튜닝셋 20건 + 홀드아웃 10건
A2: '4계층 결과'는 결함 수리 후의 최종 상태다. 수리 전 성적(튜닝셋 85% · 홀드아웃 80%)은 ⑦시트에 남겼다.
A4: No | B4: 질의 | C4: 유형 | D4: 정답 | E4: 정답 근거(운영계획서) | F4: 4계층 결과 | G4: 응답계층 | H4: 판정 | I4: LLM 단독
A5: 1 | B5: 부녀회 8명이 김장할 공간 있을까요? | C5: 평이·목적 | D5: GL3 | E5: 3F 센트럴 키친 = 식품 제조가공 거점 (계획서 Ⅲ-3F) | F5: GL3,HO2 | G5: ① 필터 | H5: ○ | I5: GL3,HO2
A6: 2 | B6: 6명이 회의할 수 있는 방 | C6: 평이·조건 | D6: GL4M,GL6 | E6: 4F 모임방 6석 / 6F 주민라운지 다목적 대관 | F6: GL4M,HO3 | G6: ① 필터 | H6: ○ | I6: [일일 한도 초과(429)]
A7: 3 | B7: 노트북 들고 조용히 일할 곳 | C7: 평이·목적 | D7: GL4 | E7: 4F 봉화의 작업실 = 정숙 구역 · 콘센트·개별조명 | F7: GL4 | G7: ① 필터 | H7: ○ | I7: [일일 한도 초과(429)]
A8: 4 | B8: 공예 체험 해보고 싶어요 | C8: 평이·목적 | D8: GL5 | E8: 5F 작가 공방·체험실 = 비식품 공예·미술·사진 체험 | F8: GL5 | G8: ① 필터 | H8: ○ | I8: [일일 한도 초과(429)]
A9: 5 | B9: 하룻밤 묵을 곳 | C9: 평이·목적 | D9: GL7 | E9: 7F 게스트하우스 (개관 전이나 공간으로는 존재) | F9: GL7 | G9: ① 필터 | H9: ○ | I9: [일일 한도 초과(429)]
A10: 6 | B10: 전시 보러 갈 만한 곳 | C10: 평이·목적 | D10: GL5G | E10: 5F 작가 전시·판매실 = 상시 개방·관람 무료 | F10: GL5G | G10: ① 필터 | H10: ○ | I10: [일일 한도 초과(429)]
A11: 7 | B11: 어르신 돌봄 프로그램 하는 데 | C11: 평이·목적 | D11: GL2 | E11: 2F 다함께 노인돌봄센터 | F11: GL2 | G11: ① 필터 | H11: ○ | I11: [일일 한도 초과(429)]
A12: 8 | B12: 돌잔치 할 만한 넓은 공간 | C12: 중간·유추 | D12: GL6 | E12: 6F 주민라운지 — 계획서에 돌잔치·소규모 축하연 명시 | F12: GL6 | G12: ③ 임베딩 | H12: ○ | I12: [일일 한도 초과(429)]
A13: 9 | B13: 스터디 모임 3명이서 | C13: 중간·조건 | D13: GL4M | E13: 4F 모임방 = 대화 가능한 유일 구역, 2~6명 | F13: GL4M,HO3 | G13: ① 필터 | H13: ○ | I13: [일일 한도 초과(429)]
A14: 10 | B14: 밀키트 만드는 주방 빌릴 수 있나요 | C14: 중간·용어 | D14: GL3 | E14: 3F CK = 밀키트 제조·위탁판매 | F14: GL3,HO2 | G14: ① 필터 | H14: ○ | I14: [일일 한도 초과(429)]
A15: 11 | B15: 봉하의 자겁실 | C15: 어려움·오타 | D15: GL4 | E15: "봉화의 작업실" 오타 (자모 2곳 변형) | F15: GL4 | G15: ② 퍼지 | H15: ○ | I15: [일일 한도 초과(429)]
A16: 12 | B16: 게스트하우쓰 | C16: 어려움·오타 | D16: GL7 | E16: "게스트하우스" 오타 | F16: GL7 | G16: ② 퍼지 | H16: ○ | I16: [일일 한도 초과(429)]
... A34: 110 | B34: 안동에 세미나실 있나요 | C34: 홀드아웃·경계 | D34: (0건) | E34: 타 지역 → 0건 | F34: (0건) | G34: ① 필터 | H34: ○ | I34: —
A36: ※ 회색 배경(101~110)은 홀드아웃. 표의 '4계층 결과'는 결함 수리 후의 최종 상태이므로 전건 적중으로 보인다. 수리 전 성적(튜닝셋 85%, 홀드아웃 80%)은 위 측정 결과표에 남겨 두었다. ※ 'LLM 단독' 열의 [일일 한도 초과]는 모델의 오답이 아니라 무료 티어 한도로 호출 자체가 막힌 것이다.
